{"accuracy": 0.5263157894736842, "f1": 0.4807692307692307, "precision": 0.5319148936170213, "recall": 0.43859649122807015}