{"prediction_process_metrics": {"test_loss": 0.5700041651725769, "test_runtime": 8.5569, "test_samples_per_second": 39.267, "test_steps_per_second": 4.908}, "prediction_result_metrics": {"accuracy": 0.9166666666666666, "f1": 0.9209039548022598, "precision": 0.8763440860215054, "recall": 0.9702380952380952}}